file name; gene; gene organism; mutations (with codons); HIS tag; manually checked; comments; researcher; date; average quality (percent); percentage of quality trim; nucleotide sequence; primer; mutations (without codons)
81HC73.ab1; fsa; none; D6H (CAT); none; false; ; Lovis Heindrich; 10/02/17; 36; 55; ATGGAACTGTATCTGCATACTTCAGACGTTGTTGCGGTGAAGGCGCTGTCACGTATTTTTCCGCTGGCGGGTGTGACCACTAACCCAAGCATTATCGCCGCGGGTAAAAAACCGCTGGATGTTGTGCTTCCGCAACTTCATGAAGCGATGGGCGGTCAGGGGCGTCTGTTTGCCCAGGTAATGGCTACCACTGCCGAAGGGATGGTTAATGACGCGCTTAAGCTGCGTTCTATTATTGCGGATATCGTGGTGAAAGTTCCGGTGACCGCCGAGGGGCTGGCAGCTATTAAGATGTTAAAAGCGGAAGGGATTCCGACGCTGGGAACCGCGGTATATGGCGCAGCACAAGGGCTGCTGTCGGCGCTGGCAGGTGCGGAATATGTTGCGCCTTACGTTAATCGTATTGATGCTCAGGGCGGTAGCGGCATTCAGACTGTGACCGACTTACACCAGTTATTGAAAATGCATGCGCCGCAGGCGAAAGTGCTGGCAGCGAGTTTCAAAACCCCGCGTCAGGCGCTGGACTGCTTACTGGCAGGATGTGAATCAATTACTCTGCCACTGGATGTGGCACAACAGATGATTAGCTATCCGGCGGTTGATGCCGCTGTGGCGAAGTTTGAGCAGGACTGGCAGGGAGCGTTTGGCAGAACGTCGATTTAA; none; D6H
81HC74.ab1; fsa; none; D6H (CAT); none; false; ; Lovis Heindrich; 10/02/17; 39; 49; ATGGAACTGTATCTGCATACTTCAGACGTTGTTGCGGTGAAGGCGCTGTCACGTATTTTTCCGCTGGCGGGTGTGACCACTAACCCAAGCATTATCGCCGCGGGTAAAAAACCGCTGGATGTTGTGCTTCCGCAACTTCATGAAGCGATGGGCGGTCAGGGGCGTCTGTTTGCCCAGGTAATGGCTACCACTGCCGAAGGGATGGTTAATGACGCGCTTAAGCTGCGTTCTATTATTGCGGATATCGTGGTGAAAGTTCCGGTGACCGCCGAGGGGCTGGCAGCTATTAAGATGTTAAAAGCGGAAGGGATTCCGACGCTGGGAACCGCGGTATATGGCGCAGCACAAGGGCTGCTGTCGGCGCTGGCAGGTGCGGAATATGTTGCGCCTTACGTTAATCGTATTGATGCTCAGGGCGGTAGCGGCATTCAGACTGTGACCGACTTACACCAGTTATTGAAAATGCATGCGCCGCAGGCGAAAGTGCTGGCAGCGAGTTTCAAAACCCCGCGTCAGGCGCTGGACTGCTTACTGGCAGGATGTGAATCAATTACTCTGCCACTGGATGTGGCACAACAGATGATTAGCTATCCGGCGGTTGATGCCGCTGTGGCGAAGTTTGAGCAGGACTGGCAGGGAGCGTTTGGCAGAACGTCGATTTAA; none; D6H
81HC75.ab1; fsa; none; D6E (GAG); none; false; ; Lovis Heindrich; 10/02/17; 39; 50; ATGGAACTGTATCTGGAGACTTCAGACGTTGTTGCGGTGAAGGCGCTGTCACGTATTTTTCCGCTGGCGGGTGTGACCACTAACCCAAGCATTATCGCCGCGGGTAAAAAACCGCTGGATGTTGTGCTTCCGCAACTTCATGAAGCGATGGGCGGTCAGGGGCGTCTGTTTGCCCAGGTAATGGCTACCACTGCCGAAGGGATGGTTAATGACGCGCTTAAGCTGCGTTCTATTATTGCGGATATCGTGGTGAAAGTTCCGGTGACCGCCGAGGGGCTGGCAGCTATTAAGATGTTAAAAGCGGAAGGGATTCCGACGCTGGGAACCGCGGTATATGGCGCAGCACAAGGGCTGCTGTCGGCGCTGGCAGGTGCGGAATATGTTGCGCCTTACGTTAATCGTATTGATGCTCAGGGCGGTAGCGGCATTCAGACTGTGACCGACTTACACCAGTTATTGAAAATGCATGCGCCGCAGGCGAAAGTGCTGGCAGCGAGTTTCAAAACCCCGCGTCAGGCGCTGGACTGCTTACTGGCAGGATGTGAATCAATTACTCTGCCACTGGATGTGGCACAACAGATGATTAGCTATCCGGCGGTTGATGCCGCTGTGGCGAAGTTTGAGCAGGACTGGCAGGGAGCGTTTGGCAGAACGTCGATTTAA; none; D6E
81HC76.ab1; fsa; none; D6E (GAG); none; false; ; Lovis Heindrich; 10/02/17; 41; 47; ATGGAACTGTATCTGGAGACTTCAGACGTTGTTGCGGTGAAGGCGCTGTCACGTATTTTTCCGCTGGCGGGTGTGACCACTAACCCAAGCATTATCGCCGCGGGTAAAAAACCGCTGGATGTTGTGCTTCCGCAACTTCATGAAGCGATGGGCGGTCAGGGGCGTCTGTTTGCCCAGGTAATGGCTACCACTGCCGAAGGGATGGTTAATGACGCGCTTAAGCTGCGTTCTATTATTGCGGATATCGTGGTGAAAGTTCCGGTGACCGCCGAGGGGCTGGCAGCTATTAAGATGTTAAAAGCGGAAGGGATTCCGACGCTGGGAACCGCGGTATATGGCGCAGCACAAGGGCTGCTGTCGGCGCTGGCAGGTGCGGAATATGTTGCGCCTTACGTTAATCGTATTGATGCTCAGGGCGGTAGCGGCATTCAGACTGTGACCGACTTACACCAGTTATTGAAAATGCATGCGCCGCAGGCGAAAGTGCTGGCAGCGAGTTTCAAAACCCCGCGTCAGGCGCTGGACTGCTTACTGGCAGGATGTGAATCAATTACTCTGCCACTGGATGTGGCACAACAGATGATTAGCTATCCGGCGGTTGATGCCGCTGTGGCGAAGTTTGAGCAGGACTGGCAGGGAGCGTTTGGCAGAACGTCGATTTAA; none; D6E
81HC77.ab1; fsa; none; D6E (GAG); none; false; ; Kevin Otto; 10/02/17; 39; 51; ATGGAACTGTATCTGGAGACTTCAGACGTTGTTGCGGTGAAGGCGCTGTCACGTATTTTTCCGCTGGCGGGTGTGACCACTAACCCAAGCATTATCGCCGCGGGTAAAAAACCGCTGGATGTTGTGCTTCCGCAACTTCATGAAGCGATGGGCGGTCAGGGGCGTCTGTTTGCCCAGGTAATGGCTACCACTGCCGAAGGGATGGTTAATGACGCGCTTAAGCTGCGTTCTATTATTGCGGATATCGTGGTGAAAGTTCCGGTGACCGCCGAGGGGCTGGCAGCTATTAAGATGTTAAAAGCGGAAGGGATTCCGACGCTGGGAACCGCGGTATATGGCGCAGCACAAGGGCTGCTGTCGGCGCTGGCAGGTGCGGAATATGTTGCGCCTTACGTTAATCGTATTGATGCTCAGGGCGGTAGCGGCATTCAGACTGTGACCGACTTACACCAGTTATTGAAAATGCATGCGCCGCAGGCGAAAGTGCTGGCAGCGAGTTTCAAAACCCCGCGTCAGGCGCTGGACTGCTTACTGGCAGGATGTGAATCAATTACTCTGCCACTGGATGTGGCACAACAGATGATTAGCTATCCGGCGGTTGATGCCGCTGTGGCGAAGTTTGAGCAGGACTGGCAGGGAGCGTTTGGCAGAACGTCGATTTAA; none; D6E
81HC78.ab1; fsa; none; D6H (CAT); none; false; ; Kevin Otto; 10/02/17; 39; 49; ATGGAACTGTATCTGCATACTTCAGACGTTGTTGCGGTGAAGGCGCTGTCACGTATTTTTCCGCTGGCGGGTGTGACCACTAACCCAAGCATTATCGCCGCGGGTAAAAAACCGCTGGATGTTGTGCTTCCGCAACTTCATGAAGCGATGGGCGGTCAGGGGCGTCTGTTTGCCCAGGTAATGGCTACCACTGCCGAAGGGATGGTTAATGACGCGCTTAAGCTGCGTTCTATTATTGCGGATATCGTGGTGAAAGTTCCGGTGACCGCCGAGGGGCTGGCAGCTATTAAGATGTTAAAAGCGGAAGGGATTCCGACGCTGGGAACCGCGGTATATGGCGCAGCACAAGGGCTGCTGTCGGCGCTGGCAGGTGCGGAATATGTTGCGCCTTACGTTAATCGTATTGATGCTCAGGGCGGTAGCGGCATTCAGACTGTGACCGACTTACACCAGTTATTGAAAATGCATGCGCCGCAGGCGAAAGTGCTGGCAGCGAGTTTCAAAACCCCGCGTCAGGCGCTGGACTGCTTACTGGCAGGATGTGAATCAATTACTCTGCCACTGGATGTGGCACAACAGATGATTAGCTATCCGGCGGTTGATGCCGCTGTGGCGAAGTTTGAGCAGGACTGGCAGGGAGCGTTTGGCAGAACGTCGATTTAA; none; D6H
81HC79.ab1; fsa; none; D6H (CAT), N28D (GAC); none; false; ; Kevin Otto; 10/02/17; 40; 51; ATGGAACTGTATCTGCATACTTCAGACGTTGTTGCGGTGAAGGCGCTGTCACGTATTTTTCCGCTGGCGGGTGTGACCACTGACCCAAGCATTATCGCCGCGGGTAAAAAACCGCTGGATGTTGTGCTTCCGCAACTTCATGAAGCGATGGGCGGTCAGGGGCGTCTGTTTGCCCAGGTAATGGCTACCACTGCCGAAGGGATGGTTAATGACGCGCTTAAGCTGCGTTCTATTATTGCGGATATCGTGGTGAAAGTTCCGGTGACCGCCGAGGGGCTGGCAGCTATTAAGATGTTAAAAGCGGAAGGGATTCCGACGCTGGGAACCGCGGTATATGGCGCAGCACAAGGGCTGCTGTCGGCGCTGGCAGGTGCGGAATATGTTGCGCCTTACGTTAATCGTATTGATGCTCAGGGCGGTAGCGGCATTCAGACTGTGACCGACTTACACCAGTTATTGAAAATGCATGCGCCGCAGGCGAAAGTGCTGGCAGCGAGTTTCAAAACCCCGCGTCAGGCGCTGGACTGCTTACTGGCAGGATGTGAATCAATTACTCTGCCACTGGATGTGGCACAACAGATGATTAGCTATCCGGCGGTTGATGCCGCTGTGGCGAAGTTTGAGCAGGACTGGCAGGGAGCGTTTGGCAGAACGTCGATTTAA; none; D6H, N28D
81HC80.ab1; fsa2; none; D6E (GAG); none; false; ; Kevin Otto; 10/02/17; 35; 55; ATGGAACTGTATCTGGAGACTTCAGACGTTGTTGCGGTGAAGGCGCTGTCACGTATTTTTCCGCTGGCGGGTGTGACCACTAACCCAAGCATTATCGCCGCGGGTAAAAAACCGCTGGATGTTGTGCTTCCGCAACTTCATGAAGCGATGGGCGGTCAGGGGCGTCTGTTTGCCCAGGTAATGGCTACCACTGCCGAAGGGATGGTTAATGACGCGCTTAAGCTGCGTTCTATTATTGCGGATATCGTGGTGAAAGTTCCGGTGACCGCCGAGGGGCTGGCAGCTATTAAGATGTTAAAAGCGGAAGGGATTCCGACGCTGGGAACCGCGGTATATGGCGCAGCACAAGGGCTGCTGTCGGCGCTGGCAGGTGCGGAATATGTTGCGCCTTACGTTAATCGTATTGATGCTCAGGGCGGTAGCGGCATTCAGACTGTGACCGACTTACACCAGTTATTGAAAATGCATGCGCCGCAGGCGAAAGTGCTGGCAGCGAGTTTCAAAACCCCGCGTCAGGCGCTGGACTGCTTACTGGCAGGATGTGAATCAATTACTCTGCCACTGGATGTGGCACAACAGATGATTAGCTATCCGGCGGTTGATGCCGCTGTGGCGAAGTTTGAGCAGGACTGGCAGGGAGCGTTTGGCAGAACGTCGATTTAA; none; D6E
81HC81.ab1; fsa2; none; D6H (CAT), +1L220 (ATT), TAA221TTA, +1S220 (ATT), +1I220 (ATT), +1K220 (ATT), +1G220 (ATT), +1E220 (ATT), +1F220 (ATT), +1Q220 (ATT), +1H220 (ATT), +1T220 (ATT), +1R220 (ATT), +1Y220 (ATT); none; false; ; Kevin Otto; 10/02/17; 36; 35; ATGGAACTGTATCTGCATACTTCAGACGTTGTTGCGGTGAAGGCGCTGTCACGTATTTTTCCGCTGGCGGGTGTGACCACTAACCCAAGCATTATCGCCGCGGGTAAAAAACCGCTGGATGTTGTGCTTCCGCAACTTCATGAAGCGATGGGCGGTCAGGGGCGTCTGTTTGCCCAGGTAATGGCTACCACTGCCGAAGGGATGGTTAATGACGCGCTTAAGCTGCGTTCTATTATTGCGGATATCGTGGTGAAAGTTCCGGTGACCGCCGAGGGGCTGGCAGCTATTAAGATGTTAAAAGCGGAAGGGATTCCGACGCTGGGAACCGCGGTATATGGCGCAGCACAAGGGCTGCTGTCGGCGCTGGCAGGTGCGGAATATGTTGCGCCTTACGTTAATCGTATTGATGCTCAGGGCGGTAGCGGCATTCAGACTGTGACCGACTTACACCAGTTATTGAAAATGCATGCGCCGCAGGCGAAAGTGCTGGCAGCGAGTTTCAAAACCCCGCGTCAGGCGCTGGACTGCTTACTGGCAGGATGTGAATCAATTACTCTGCCACTGGATGTGGCACAACAGATGATTAGCTATCCGGCGGTTGATGCCGCTGTGGCGAAGTTTGAGCAGGACTGGCAGGGAGCGTTTGGCAGAACGTCGATTTTAAGCTTAATTAAGGGCGAATTCCAGCACACTGGCGGCCGTTACTAG; none; D6H, +1L220, TAA221TTA, +1S220, +1I220, +1K220, +1G220, +1E220, +1F220, +1Q220, +1H220, +1T220, +1R220, +1Y220
81HC83.ab1; fsa2; none; D6E (GAG); none; false; ; Kevin Otto; 10/03/17; 25; 89; ATGGAACTGTATCTGGAGACTTCAGACGTTGTTGCGGTGAAGGCGCTGTCACGTATTTTTCCGCTGGCGGGTGTGACCACTAACCCAAGCATTATCGCCGCGGGTAAAAAACCGCTGGATGTTGTGCTTCCGCAACTTCATGAA; none; D6E
81HC84.ab1; fsa2; none; D6E (GAG); none; false; ; Kevin Otto; 10/03/17; 35; 54; ATGGAACTGTATCTGGAGACTTCAGACGTTGTTGCGGTGAAGGCGCTGTCACGTATTTTTCCGCTGGCGGGTGTGACCACTAACCCAAGCATTATCGCCGCGGGTAAAAAACCGCTGGATGTTGTGCTTCCGCAACTTCATGAAGCGATGGGCGGTCAGGGGCGTCTGTTTGCCCAGGTAATGGCTACCACTGCCGAAGGGATGGTTAATGACGCGCTTAAGCTGCGTTCTATTATTGCGGATATCGTGGTGAAAGTTCCGGTGACCGCCGAGGGGCTGGCAGCTATTAAGATGTTAAAAGCGGAAGGGATTCCGACGCTGGGAACCGCGGTATATGGCGCAGCACAAGGGCTGCTGTCGGCGCTGGCAGGTGCGGAATATGTTGCGCCTTACGTTAATCGTATTGATGCTCAGGGCGGTAGCGGCATTCAGACTGTGACCGACTTACACCAGTTATTGAAAATGCATGCGCCGCAGGCGAAAGTGCTGGCAGCGAGTTTCAAAACCCCGCGTCAGGCGCTGGACTGCTTACTGGCAGGATGTGAATCAATTACTCTGCCACTGGATGTGGCACAACAGATGATTAGCTATCCGGCGGTTGATGCCGCTGTGGCGAAGTTTGAGCAGGACTGGCAGGGAGCGTTTGGCAGAACGTCGATTTAA; none; D6E
81HC85.ab1; fsa2; none; D6E (GAG); none; false; ; Kevin Otto; 10/03/17; 36; 52; ATGGAACTGTATCTGGAGACTTCAGACGTTGTTGCGGTGAAGGCGCTGTCACGTATTTTTCCGCTGGCGGGTGTGACCACTAACCCAAGCATTATCGCCGCGGGTAAAAAACCGCTGGATGTTGTGCTTCCGCAACTTCATGAAGCGATGGGCGGTCAGGGGCGTCTGTTTGCCCAGGTAATGGCTACCACTGCCGAAGGGATGGTTAATGACGCGCTTAAGCTGCGTTCTATTATTGCGGATATCGTGGTGAAAGTTCCGGTGACCGCCGAGGGGCTGGCAGCTATTAAGATGTTAAAAGCGGAAGGGATTCCGACGCTGGGAACCGCGGTATATGGCGCAGCACAAGGGCTGCTGTCGGCGCTGGCAGGTGCGGAATATGTTGCGCCTTACGTTAATCGTATTGATGCTCAGGGCGGTAGCGGCATTCAGACTGTGACCGACTTACACCAGTTATTGAAAATGCATGCGCCGCAGGCGAAAGTGCTGGCAGCGAGTTTCAAAACCCCGCGTCAGGCGCTGGACTGCTTACTGGCAGGATGTGAATCAATTACTCTGCCACTGGATGTGGCACAACAGATGATTAGCTATCCGGCGGTTGATGCCGCTGTGGCGAAGTTTGAGCAGGACTGGCAGGGAGCGTTTGGCAGAACGTCGATTTAA; none; D6E
81HC86.ab1; fsa2; none; D6H (CAT); none; false; ; Kevin Otto; 10/03/17; 36; 54; ATGGAACTGTATCTGCATACTTCAGACGTTGTTGCGGTGAAGGCGCTGTCACGTATTTTTCCGCTGGCGGGTGTGACCACTAACCCAAGCATTATCGCCGCGGGTAAAAAACCGCTGGATGTTGTGCTTCCGCAACTTCATGAAGCGATGGGCGGTCAGGGGCGTCTGTTTGCCCAGGTAATGGCTACCACTGCCGAAGGGATGGTTAATGACGCGCTTAAGCTGCGTTCTATTATTGCGGATATCGTGGTGAAAGTTCCGGTGACCGCCGAGGGGCTGGCAGCTATTAAGATGTTAAAAGCGGAAGGGATTCCGACGCTGGGAACCGCGGTATATGGCGCAGCACAAGGGCTGCTGTCGGCGCTGGCAGGTGCGGAATATGTTGCGCCTTACGTTAATCGTATTGATGCTCAGGGCGGTAGCGGCATTCAGACTGTGACCGACTTACACCAGTTATTGAAAATGCATGCGCCGCAGGCGAAAGTGCTGGCAGCGAGTTTCAAAACCCCGCGTCAGGCGCTGGACTGCTTACTGGCAGGATGTGAATCAATTACTCTGCCACTGGATGTGGCACAACAGATGATTAGCTATCCGGCGGTTGATGCCGCTGTGGCGAAGTTTGAGCAGGACTGGCAGGGAGCGTTTGGCAGAACGTCGATTTAA; none; D6H
81HC87.ab1; fsa2; none; D6E (GAG); none; false; ; Kevin Otto; 10/03/17; 38; 49; ATGGAACTGTATCTGGAGACTTCAGACGTTGTTGCGGTGAAGGCGCTGTCACGTATTTTTCCGCTGGCGGGTGTGACCACTAACCCAAGCATTATCGCCGCGGGTAAAAAACCGCTGGATGTTGTGCTTCCGCAACTTCATGAAGCGATGGGCGGTCAGGGGCGTCTGTTTGCCCAGGTAATGGCTACCACTGCCGAAGGGATGGTTAATGACGCGCTTAAGCTGCGTTCTATTATTGCGGATATCGTGGTGAAAGTTCCGGTGACCGCCGAGGGGCTGGCAGCTATTAAGATGTTAAAAGCGGAAGGGATTCCGACGCTGGGAACCGCGGTATATGGCGCAGCACAAGGGCTGCTGTCGGCGCTGGCAGGTGCGGAATATGTTGCGCCTTACGTTAATCGTATTGATGCTCAGGGCGGTAGCGGCATTCAGACTGTGACCGACTTACACCAGTTATTGAAAATGCATGCGCCGCAGGCGAAAGTGCTGGCAGCGAGTTTCAAAACCCCGCGTCAGGCGCTGGACTGCTTACTGGCAGGATGTGAATCAATTACTCTGCCACTGGATGTGGCACAACAGATGATTAGCTATCCGGCGGTTGATGCCGCTGTGGCGAAGTTTGAGCAGGACTGGCAGGGAGCGTTTGGCAGAACGTCGATTTAA; none; D6E
81HC88.ab1; fsa2; none; D6E (GAG); none; false; ; Kevin Otto; 10/03/17; 35; 52; ATGGAACTGTATCTGGAGACTTCAGACGTTGTTGCGGTGAAGGCGCTGTCACGTATTTTTCCGCTGGCGGGTGTGACCACTAACCCAAGCATTATCGCCGCGGGTAAAAAACCGCTGGATGTTGTGCTTCCGCAACTTCATGAAGCGATGGGCGGTCAGGGGCGTCTGTTTGCCCAGGTAATGGCTACCACTGCCGAAGGGATGGTTAATGACGCGCTTAAGCTGCGTTCTATTATTGCGGATATCGTGGTGAAAGTTCCGGTGACCGCCGAGGGGCTGGCAGCTATTAAGATGTTAAAAGCGGAAGGGATTCCGACGCTGGGAACCGCGGTATATGGCGCAGCACAAGGGCTGCTGTCGGCGCTGGCAGGTGCGGAATATGTTGCGCCTTACGTTAATCGTATTGATGCTCAGGGCGGTAGCGGCATTCAGACTGTGACCGACTTACACCAGTTATTGAAAATGCATGCGCCGCAGGCGAAAGTGCTGGCAGCGAGTTTCAAAACCCCGCGTCAGGCGCTGGACTGCTTACTGGCAGGATGTGAATCAATTACTCTGCCACTGGATGTGGCACAACAGATGATTAGCTATCCGGCGGTTGATGCCGCTGTGGCGAAGTTTGAGCAGGACTGGCAGGGAGCGTTTGGCAGAACGTCGATTTAA; none; D6E
81HC89.ab1; fsa2; none; D6E (GAG); none; false; ; Kevin Otto; 10/03/17; 37; 53; ATGGAACTGTATCTGGAGACTTCAGACGTTGTTGCGGTGAAGGCGCTGTCACGTATTTTTCCGCTGGCGGGTGTGACCACTAACCCAAGCATTATCGCCGCGGGTAAAAAACCGCTGGATGTTGTGCTTCCGCAACTTCATGAAGCGATGGGCGGTCAGGGGCGTCTGTTTGCCCAGGTAATGGCTACCACTGCCGAAGGGATGGTTAATGACGCGCTTAAGCTGCGTTCTATTATTGCGGATATCGTGGTGAAAGTTCCGGTGACCGCCGAGGGGCTGGCAGCTATTAAGATGTTAAAAGCGGAAGGGATTCCGACGCTGGGAACCGCGGTATATGGCGCAGCACAAGGGCTGCTGTCGGCGCTGGCAGGTGCGGAATATGTTGCGCCTTACGTTAATCGTATTGATGCTCAGGGCGGTAGCGGCATTCAGACTGTGACCGACTTACACCAGTTATTGAAAATGCATGCGCCGCAGGCGAAAGTGCTGGCAGCGAGTTTCAAAACCCCGCGTCAGGCGCTGGACTGCTTACTGGCAGGATGTGAATCAATTACTCTGCCACTGGATGTGGCACAACAGATGATTAGCTATCCGGCGGTTGATGCCGCTGTGGCGAAGTTTGAGCAGGACTGGCAGGGAGCGTTTGGCAGAACGTCGATTTAA; none; D6E
81HC92.ab1; fsa2; none; D6E (GAG); none; false; ; Kevin Otto; 10/03/17; 39; 50; ATGGAACTGTATCTGGAGACTTCAGACGTTGTTGCGGTGAAGGCGCTGTCACGTATTTTTCCGCTGGCGGGTGTGACCACTAACCCAAGCATTATCGCCGCGGGTAAAAAACCGCTGGATGTTGTGCTTCCGCAACTTCATGAAGCGATGGGCGGTCAGGGGCGTCTGTTTGCCCAGGTAATGGCTACCACTGCCGAAGGGATGGTTAATGACGCGCTTAAGCTGCGTTCTATTATTGCGGATATCGTGGTGAAAGTTCCGGTGACCGCCGAGGGGCTGGCAGCTATTAAGATGTTAAAAGCGGAAGGGATTCCGACGCTGGGAACCGCGGTATATGGCGCAGCACAAGGGCTGCTGTCGGCGCTGGCAGGTGCGGAATATGTTGCGCCTTACGTTAATCGTATTGATGCTCAGGGCGGTAGCGGCATTCAGACTGTGACCGACTTACACCAGTTATTGAAAATGCATGCGCCGCAGGCGAAAGTGCTGGCAGCGAGTTTCAAAACCCCGCGTCAGGCGCTGGACTGCTTACTGGCAGGATGTGAATCAATTACTCTGCCACTGGATGTGGCACAACAGATGATTAGCTATCCGGCGGTTGATGCCGCTGTGGCGAAGTTTGAGCAGGACTGGCAGGGAGCGTTTGGCAGAACGTCGATTTAA; none; D6E
93GH02_A01.ab1; fsa2; none; D6E (GAA), T26A (GCT); none; false; ; Kevin Otto; 10/03/17; 41; 40; ATGGAACTGTATCTGGAAACTTCAGACGTTGTTGCGGTGAAGGCGCTGTCACGTATTTTTCCGCTGGCGGGTGTGGCTACTAACCCAAGCATTATCGCCGCGGGTAAAAAACCGCTGGATGTTGTGCTTCCGCAACTTCATGAAGCGATGGGCGGTCAGGGGCGTCTGTTTGCCCAGGTAATGGCTACCACTGCCGAAGGGATGGTTAATGACGCGCTTAAGCTGCGTTCTATTATTGCGGATATCGTGGTGAAAGTTCCGGTGACCGCCGAGGGGCTGGCAGCTATTAAGATGTTAAAAGCGGAAGGGATTCCGACGCTGGGAACCGCGGTATATGGCGCAGCACAAGGGCTGCTGTCGGCGCTGGCAGGTGCGGAATATGTTGCGCCTTACGTTAATCGTATTGATGCTCAGGGCGGTAGCGGCATTCAGACTGTGACCGACTTACACCAGTTATTGAAAATGCATGCGCCGCAGGCGAAAGTGCTGGCAGCGAGTTTCAAAACCCCGCGTCAGGCGCTGGACTGCTTACTGGCAGGATGTGAATCAATTACTCTGCCACTGGATGTGGCACAACAGATGATTAGCTATCCGGCGGTTGATGCCGCTGTGGCGAAGTTTGAGCAGGACTGGCAGGGAGCGTTTGGCAGAACGTCGATTTAA; none; D6E, T26A
